Name;Timeglobal;Time;Shearstress;Shearrate;Shearstrain;Normalforce;Complexstrain;Frequency;Complexstress;Gprime;Gsecond;Gstar;Torque;Temperature;Gap;Torque (requested)(N m);Angular position (requested)(rad);Angular velocity (requested)(rad/s);Temperature (requested)(Â°C)
Pre Shear Initial;22,34;1,000;78,35;469,4;4,70350E+004;0,07777;;;;;;;1,396E-003;25,11;1,0000;NaN;526,8;106,1;23,00
Pre Shear Initial;23,34;2,000;62,09;498,5;9,70413E+004;0,07814;;;;;;;1,106E-003;25,11;1,0000;NaN;633,4;106,5;23,00
Pre Shear Initial;24,34;3,000;23,22;500,0;1,47041E+005;0,07826;;;;;;;4,137E-004;25,11;1,0000;NaN;739,9;106,5;23,00
Pre Shear Initial;25,34;4,000;23,25;500,0;1,97047E+005;0,07779;;;;;;;4,142E-004;25,10;1,0000;NaN;846,4;106,5;23,00
Pre Shear Initial;26,34;5,000;23,31;500,0;2,47047E+005;0,07708;;;;;;;4,154E-004;25,09;1,0000;NaN;952,9;106,5;23,00
Pre Shear Initial;27,34;6,000;23,34;500,0;2,97053E+005;0,07711;;;;;;;4,159E-004;25,06;1,0000;NaN;1,059E+003;106,5;23,00
Pre Shear Initial;28,34;7,000;23,36;500,0;3,47053E+005;0,07749;;;;;;;4,162E-004;25,03;1,0000;NaN;1,166E+003;106,5;23,00
Pre Shear Initial;29,34;8,000;23,38;500,0;3,97059E+005;0,07727;;;;;;;4,165E-004;25,00;1,0000;NaN;1,273E+003;106,5;23,00
Pre Shear Initial;30,34;9,000;23,39;500,0;4,47059E+005;0,07746;;;;;;;4,167E-004;24,97;1,0000;NaN;1,379E+003;106,5;23,00
Pre Shear Initial;31,34;10,00;23,38;500,0;4,97059E+005;0,07771;;;;;;;4,166E-004;24,92;1,0000;NaN;1,486E+003;106,5;23,00
Pre Shear Initial;32,34;11,00;23,39;500,0;5,47065E+005;0,07776;;;;;;;4,167E-004;24,89;1,0000;NaN;1,592E+003;106,5;23,00
Pre Shear Initial;33,34;12,00;23,40;500,0;5,97065E+005;0,07796;;;;;;;4,169E-004;24,84;1,0000;NaN;1,699E+003;106,5;23,00
Pre Shear Initial;34,34;13,00;23,41;500,0;6,47071E+005;0,07789;;;;;;;4,172E-004;24,79;1,0000;NaN;1,805E+003;106,5;23,00
Pre Shear Initial;35,34;14,00;23,40;500,0;6,97072E+005;0,07894;;;;;;;4,170E-004;24,75;1,0000;NaN;1,912E+003;106,5;23,00
Pre Shear Initial;36,34;15,00;23,40;500,0;7,47078E+005;0,07867;;;;;;;4,169E-004;24,70;1,0000;NaN;2,018E+003;106,5;23,00
Pre Shear Initial;37,34;16,00;23,39;500,0;7,97078E+005;0,07865;;;;;;;4,167E-004;24,65;1,0000;NaN;2,125E+003;106,5;23,00
Pre Shear Initial;38,34;17,00;23,37;500,0;8,47085E+005;0,07865;;;;;;;4,165E-004;24,61;1,0000;NaN;2,231E+003;106,5;23,00
Pre Shear Initial;39,34;18,00;23,37;500,0;8,97085E+005;0,07889;;;;;;;4,164E-004;24,56;1,0000;NaN;2,338E+003;106,5;23,00
Pre Shear Initial;40,34;19,00;23,35;500,0;9,47091E+005;0,07946;;;;;;;4,161E-004;24,52;1,0000;NaN;2,444E+003;106,5;23,00
Pre Shear Initial;41,34;20,00;23,29;500,0;9,97091E+005;0,07956;;;;;;;4,151E-004;24,48;1,0000;NaN;2,551E+003;106,5;23,00
Pre Shear Initial;42,34;21,00;23,23;500,0;1,04709E+006;0,07914;;;;;;;4,139E-004;24,43;1,0000;NaN;2,657E+003;106,5;23,00
Pre Shear Initial;43,34;22,00;23,27;500,0;1,09710E+006;0,07845;;;;;;;4,147E-004;24,39;1,0000;NaN;2,764E+003;106,5;23,00
Pre Shear Initial;44,34;23,00;23,32;500,0;1,14710E+006;0,07826;;;;;;;4,156E-004;24,35;1,0000;NaN;2,870E+003;106,5;23,00
Pre Shear Initial;45,34;24,00;23,33;500,0;1,19710E+006;0,07822;;;;;;;4,157E-004;24,31;1,0000;NaN;2,977E+003;106,5;23,00
Pre Shear Initial;46,34;25,00;23,34;500,0;1,24710E+006;0,07824;;;;;;;4,159E-004;24,27;1,0000;NaN;3,083E+003;106,5;23,00
Pre Shear Initial;47,34;26,00;23,34;500,0;1,29711E+006;0,07818;;;;;;;4,159E-004;24,23;1,0000;NaN;3,190E+003;106,5;23,00
Pre Shear Initial;48,34;27,00;23,34;500,0;1,34711E+006;0,07817;;;;;;;4,159E-004;24,20;1,0000;NaN;3,296E+003;106,5;23,00
Pre Shear Initial;49,34;28,00;23,34;500,0;1,39712E+006;0,07754;;;;;;;4,158E-004;24,16;1,0000;NaN;3,403E+003;106,5;23,00
Pre Shear Initial;50,34;29,00;23,36;500,0;1,44712E+006;0,07766;;;;;;;4,162E-004;24,13;1,0000;NaN;3,510E+003;106,5;23,00
Pre Shear Initial;51,34;30,00;23,38;500,0;1,49712E+006;0,07708;;;;;;;4,167E-004;24,09;1,0000;NaN;3,616E+003;106,5;23,00
Pre Shear Initial;52,34;31,00;23,39;500,0;1,54712E+006;0,07775;;;;;;;4,167E-004;24,06;1,0000;NaN;3,723E+003;106,5;23,00
Pre Shear Initial;53,34;32,00;23,39;500,0;1,59712E+006;0,07778;;;;;;;4,168E-004;24,03;1,0000;NaN;3,829E+003;106,5;23,00
Pre Shear Initial;54,34;33,00;23,40;500,0;1,64713E+006;0,07818;;;;;;;4,170E-004;23,99;1,0000;NaN;3,936E+003;106,5;23,00
Pre Shear Initial;55,34;34,00;23,40;500,0;1,69713E+006;0,07868;;;;;;;4,169E-004;23,96;1,0000;NaN;4,042E+003;106,5;23,00
Pre Shear Initial;56,34;35,00;23,39;500,0;1,74713E+006;0,07770;;;;;;;4,167E-004;23,94;1,0000;NaN;4,149E+003;106,5;23,00
Pre Shear Initial;57,34;36,00;23,38;500,0;1,79713E+006;0,07851;;;;;;;4,166E-004;23,91;1,0000;NaN;4,255E+003;106,5;23,00
Pre Shear Initial;58,34;37,00;23,37;500,0;1,84714E+006;0,07853;;;;;;;4,164E-004;23,88;1,0000;NaN;4,362E+003;106,5;23,00
Pre Shear Initial;59,34;38,00;23,30;500,0;1,89714E+006;0,07878;;;;;;;4,151E-004;23,85;1,0000;NaN;4,468E+003;106,5;23,00
Pre Shear Initial;60,34;39,00;23,23;500,0;1,94714E+006;0,07869;;;;;;;4,140E-004;23,83;1,0000;NaN;4,575E+003;106,5;23,00
Pre Shear Initial;61,34;40,00;23,27;500,0;1,99715E+006;0,07923;;;;;;;4,147E-004;23,80;1,0000;NaN;4,681E+003;106,5;23,00
Pre Shear Initial;62,34;41,00;23,32;500,0;2,04715E+006;0,07935;;;;;;;4,156E-004;23,78;1,0000;NaN;4,788E+003;106,5;23,00
Pre Shear Initial;63,34;42,00;23,33;500,0;2,09715E+006;0,07929;;;;;;;4,157E-004;23,75;1,0000;NaN;4,894E+003;106,5;23,00
Pre Shear Initial;64,34;43,00;23,32;500,0;2,14715E+006;0,07901;;;;;;;4,155E-004;23,73;1,0000;NaN;5,001E+003;106,5;23,00
Pre Shear Initial;65,34;44,00;23,32;500,0;2,19716E+006;0,07930;;;;;;;4,155E-004;23,71;1,0000;NaN;5,107E+003;106,5;23,00
Pre Shear Initial;66,34;45,00;23,31;500,0;2,24716E+006;0,07887;;;;;;;4,154E-004;23,69;1,0000;NaN;5,214E+003;106,5;23,00
Pre Shear Initial;67,34;46,00;23,31;500,0;2,29717E+006;0,07881;;;;;;;4,154E-004;23,66;1,0000;NaN;5,320E+003;106,5;23,00
Pre Shear Initial;68,34;47,00;23,31;500,0;2,34717E+006;0,07807;;;;;;;4,154E-004;23,64;1,0000;NaN;5,427E+003;106,5;23,00
Pre Shear Initial;69,34;48,00;23,31;500,0;2,39717E+006;0,07834;;;;;;;4,154E-004;23,62;1,0000;NaN;5,534E+003;106,5;23,00
Pre Shear Initial;70,34;49,00;23,32;500,0;2,44717E+006;0,07828;;;;;;;4,156E-004;23,60;1,0000;NaN;5,640E+003;106,5;23,00
Pre Shear Initial;71,34;50,00;23,33;500,0;2,49717E+006;0,07849;;;;;;;4,156E-004;23,59;1,0000;NaN;5,747E+003;106,5;23,00
Pre Shear Initial;72,34;51,00;23,33;500,0;2,54718E+006;0,07789;;;;;;;4,157E-004;23,57;1,0000;NaN;5,853E+003;106,5;23,00
Pre Shear Initial;73,34;52,00;23,34;500,0;2,59718E+006;0,07818;;;;;;;4,160E-004;23,55;1,0000;NaN;5,960E+003;106,5;23,00
Pre Shear Initial;74,34;53,00;23,35;500,0;2,64718E+006;0,07826;;;;;;;4,161E-004;23,53;1,0000;NaN;6,066E+003;106,5;23,00
Pre Shear Initial;75,34;54,00;23,36;500,0;2,69718E+006;0,07863;;;;;;;4,162E-004;23,52;1,0000;NaN;6,173E+003;106,5;23,00
Pre Shear Initial;76,34;55,00;23,35;500,0;2,74719E+006;0,07880;;;;;;;4,161E-004;23,50;1,0000;NaN;6,279E+003;106,5;23,00
Pre Shear Initial;77,34;56,00;23,30;500,0;2,79719E+006;0,07885;;;;;;;4,153E-004;23,49;1,0000;NaN;6,386E+003;106,5;23,00
Pre Shear Initial;78,34;57,00;23,25;500,0;2,84720E+006;0,07888;;;;;;;4,143E-004;23,47;1,0000;NaN;6,492E+003;106,5;23,00
Pre Shear Initial;79,34;58,00;23,32;500,0;2,89720E+006;0,07938;;;;;;;4,155E-004;23,45;1,0000;NaN;6,599E+003;106,5;23,00
Pre Shear Initial;80,34;59,00;23,36;500,0;2,94720E+006;0,07959;;;;;;;4,163E-004;23,44;1,0000;NaN;6,705E+003;106,5;23,00
Pre Shear Initial;81,34;60,00;23,35;500,0;2,99720E+006;0,07956;;;;;;;4,162E-004;23,43;1,0000;NaN;6,812E+003;106,5;23,00
Pre Shear Forward;83,36;2,000;22,97;499,4;9,88366E+004;0,08031;;;;;;;4,093E-004;23,40;1,0000;NaN;7,026E+003;106,5;23,00
Pre Shear Forward;85,36;4,000;23,33;500,0;1,98843E+005;0,08028;;;;;;;4,157E-004;23,37;1,0000;NaN;7,239E+003;106,5;23,00
Pre Shear Forward;87,36;6,000;23,31;500,0;2,98849E+005;0,08031;;;;;;;4,154E-004;23,35;1,0000;NaN;7,452E+003;106,5;23,00
Pre Shear Forward;89,36;8,000;23,30;500,0;3,98850E+005;0,08081;;;;;;;4,151E-004;23,33;1,0000;NaN;7,665E+003;106,5;23,00
Pre Shear Forward;91,36;10,00;23,30;500,0;4,98856E+005;0,08028;;;;;;;4,152E-004;23,31;1,0000;NaN;7,878E+003;106,5;23,00
Pre Shear Forward;93,36;12,00;23,32;500,0;5,98862E+005;0,07996;;;;;;;4,156E-004;23,29;1,0000;NaN;8,091E+003;106,5;23,00
Pre Shear Forward;95,36;14,00;23,25;500,0;6,98868E+005;0,07951;;;;;;;4,142E-004;23,27;1,0000;NaN;8,304E+003;106,5;23,00
Pre Shear Forward;97,36;16,00;23,28;500,0;7,98874E+005;0,07953;;;;;;;4,148E-004;23,25;1,0000;NaN;8,517E+003;106,5;23,00
Pre Shear Forward;99,36;18,00;23,37;500,0;8,98880E+005;0,07981;;;;;;;4,164E-004;23,24;1,0000;NaN;8,730E+003;106,5;23,00
Pre Shear Forward;101,4;20,00;23,36;500,0;9,98886E+005;0,08060;;;;;;;4,163E-004;23,22;1,0000;NaN;8,943E+003;106,5;23,00
Pre Shear Forward;103,4;22,00;23,34;500,0;1,09889E+006;0,08077;;;;;;;4,159E-004;23,21;1,0000;NaN;9,156E+003;106,5;23,00
Pre Shear Forward;105,4;24,00;23,32;500,0;1,19890E+006;0,08106;;;;;;;4,156E-004;23,19;1,0000;NaN;9,369E+003;106,5;23,00
Pre Shear Forward;107,4;26,00;23,31;500,0;1,29891E+006;0,08112;;;;;;;4,154E-004;23,18;1,0000;NaN;9,582E+003;106,5;23,00
Pre Shear Forward;109,4;28,00;23,29;500,0;1,39891E+006;0,08102;;;;;;;4,150E-004;23,17;1,0000;NaN;9,795E+003;106,5;23,00
Pre Shear Forward;111,4;30,00;23,29;500,0;1,49891E+006;0,08017;;;;;;;4,150E-004;23,16;1,0000;NaN;1,001E+004;106,5;23,00
Pre Shear Forward;113,4;32,00;23,17;500,0;1,59892E+006;0,08010;;;;;;;4,129E-004;23,15;1,0000;NaN;1,022E+004;106,5;23,00
Pre Shear Forward;115,4;34,00;23,25;500,0;1,69892E+006;0,07959;;;;;;;4,142E-004;23,14;1,0000;NaN;1,043E+004;106,5;23,00
Pre Shear Forward;117,4;36,00;23,30;500,0;1,79893E+006;0,07992;;;;;;;4,152E-004;23,13;1,0000;NaN;1,065E+004;106,5;23,00
Pre Shear Forward;119,4;38,00;23,32;500,0;1,89894E+006;0,07996;;;;;;;4,155E-004;23,12;1,0000;NaN;1,086E+004;106,5;23,00
Pre Shear Forward;121,4;40,00;23,33;500,0;1,99894E+006;0,08033;;;;;;;4,157E-004;23,11;1,0000;NaN;1,107E+004;106,5;23,00
Pre Shear Forward;123,4;42,00;23,34;500,0;2,09895E+006;0,08039;;;;;;;4,160E-004;23,10;1,0000;NaN;1,129E+004;106,5;23,00
Pre Shear Forward;125,4;44,00;23,33;500,0;2,19895E+006;0,08076;;;;;;;4,157E-004;23,10;1,0000;NaN;1,150E+004;106,5;23,00
Pre Shear Forward;127,4;46,00;23,31;500,0;2,29896E+006;0,08122;;;;;;;4,154E-004;23,09;1,0000;NaN;1,171E+004;106,5;23,00
Pre Shear Forward;129,4;48,00;23,31;500,0;2,39896E+006;0,08189;;;;;;;4,153E-004;23,08;1,0000;NaN;1,193E+004;106,5;23,00
Pre Shear Forward;131,4;50,00;23,19;500,0;2,49897E+006;0,08157;;;;;;;4,131E-004;23,08;1,0000;NaN;1,214E+004;106,5;23,00
Pre Shear Forward;133,4;52,00;23,22;500,0;2,59897E+006;0,08204;;;;;;;4,137E-004;23,07;1,0000;NaN;1,235E+004;106,5;23,00
Pre Shear Forward;135,4;54,00;23,25;500,0;2,69898E+006;0,08123;;;;;;;4,143E-004;23,07;1,0000;NaN;1,256E+004;106,5;23,00
Pre Shear Forward;137,4;56,00;23,26;500,0;2,79899E+006;0,08076;;;;;;;4,145E-004;23,06;1,0000;NaN;1,278E+004;106,5;23,00
Pre Shear Forward;139,4;58,00;23,27;500,0;2,89899E+006;0,08088;;;;;;;4,146E-004;23,06;1,0000;NaN;1,299E+004;106,5;23,00
Pre Shear Forward;141,4;60,00;23,29;500,0;2,99900E+006;0,08128;;;;;;;4,150E-004;23,05;1,0000;NaN;1,320E+004;106,5;23,00
Rest Forward;142,4;1,000;7,142;438,2;4,20665E+004;0,08554;;;;;;;1,273E-004;23,05;1,0000;0,000;NaN;NaN;23,00
Rest Forward;143,4;2,000;0,1400;361,5;7,21646E+004;0,08587;;;;;;;2,495E-006;23,05;1,0000;0,000;NaN;NaN;23,00
Rest Forward;144,4;3,000;0,000;249,5;9,22633E+004;0,08765;;;;;;;0,000;23,05;1,0000;0,000;NaN;NaN;23,00
Rest Forward;145,4;4,000;0,000;160,6;1,04561E+005;0,08796;;;;;;;0,000;23,05;1,0000;0,000;NaN;NaN;23,00
Rest Forward;146,4;5,000;0,000;92,58;1,11024E+005;0,08850;;;;;;;0,000;23,04;1,0000;0,000;NaN;NaN;23,00
Rest Forward;147,4;6,000;0,000;43,33;1,13455E+005;0,08809;;;;;;;0,000;23,04;1,0000;0,000;NaN;NaN;23,00
Rest Forward;148,4;7,000;0,000;11,95;1,13687E+005;0,08850;;;;;;;0,000;23,04;1,0000;0,000;NaN;NaN;23,00
Rest Forward;149,4;8,000;0,000;0,3856;1,13682E+005;0,08868;;;;;;;0,000;23,04;1,0000;0,000;NaN;NaN;23,00
Rest Forward;150,4;9,000;0,000;4,652E-003;1,13681E+005;0,08844;;;;;;;0,000;23,04;1,0000;0,000;NaN;NaN;23,00
Rest Forward;151,4;10,00;0,000;2,642E-004;1,13681E+005;0,08831;;;;;;;0,000;23,04;1,0000;0,000;NaN;NaN;23,00
Rest Forward;152,4;11,00;0,000;6,159E-004;1,13681E+005;0,08841;;;;;;;0,000;23,03;1,0000;0,000;NaN;NaN;23,00
Rest Forward;153,4;12,00;0,000;8,019E-004;1,13681E+005;0,08860;;;;;;;0,000;23,03;1,0000;0,000;NaN;NaN;23,00
Rest Forward;154,4;13,00;0,000;4,497E-004;1,13681E+005;0,08885;;;;;;;0,000;23,03;1,0000;0,000;NaN;NaN;23,00
Rest Forward;155,4;14,00;0,000;3,340E-004;1,13681E+005;0,08849;;;;;;;0,000;23,03;1,0000;0,000;NaN;NaN;23,00
Rest Forward;156,4;15,00;0,000;3,335E-004;1,13681E+005;0,08849;;;;;;;0,000;23,03;1,0000;0,000;NaN;NaN;23,00
Rest Forward;157,4;16,00;0,000;2,853E-004;1,13681E+005;0,08901;;;;;;;0,000;23,03;1,0000;0,000;NaN;NaN;23,00
Rest Forward;158,4;17,00;0,000;2,542E-004;1,13681E+005;0,08917;;;;;;;0,000;23,02;1,0000;0,000;NaN;NaN;23,00
Rest Forward;159,4;18,00;0,000;1,872E-004;1,13681E+005;0,08901;;;;;;;0,000;23,02;1,0000;0,000;NaN;NaN;23,00
Rest Forward;160,4;19,00;0,000;1,705E-004;1,13681E+005;0,08884;;;;;;;0,000;23,02;1,0000;0,000;NaN;NaN;23,00
Rest Forward;161,4;20,00;0,000;1,887E-004;1,13681E+005;0,08911;;;;;;;0,000;23,02;1,0000;0,000;NaN;NaN;23,00
Rest Forward;162,4;21,00;0,000;1,641E-004;1,13681E+005;0,08906;;;;;;;0,000;23,02;1,0000;0,000;NaN;NaN;23,00
Rest Forward;163,4;22,00;0,000;1,271E-004;1,13681E+005;0,08911;;;;;;;0,000;23,02;1,0000;0,000;NaN;NaN;23,00
Rest Forward;164,4;23,00;0,000;8,752E-005;1,13681E+005;0,08936;;;;;;;0,000;23,02;1,0000;0,000;NaN;NaN;23,00
Rest Forward;165,4;24,00;0,000;1,103E-004;1,13681E+005;0,08936;;;;;;;0,000;23,02;1,0000;0,000;NaN;NaN;23,00
Rest Forward;166,4;25,00;0,000;1,101E-004;1,13681E+005;0,08994;;;;;;;0,000;23,01;1,0000;0,000;NaN;NaN;23,00
Rest Forward;167,4;26,00;0,000;1,181E-004;1,13681E+005;0,08997;;;;;;;0,000;23,01;1,0000;0,000;NaN;NaN;23,00
Rest Forward;168,4;27,00;0,000;4,388E-005;1,13681E+005;0,08956;;;;;;;0,000;23,01;1,0000;0,000;NaN;NaN;23,00
Rest Forward;169,4;28,00;0,000;7,384E-005;1,13681E+005;0,08977;;;;;;;0,000;23,01;1,0000;0,000;NaN;NaN;23,00
Rest Forward;170,4;29,00;0,000;6,511E-005;1,13681E+005;0,09010;;;;;;;0,000;23,01;1,0000;0,000;NaN;NaN;23,00
Rest Forward;171,4;30,00;0,000;3,246E-005;1,13681E+005;0,08985;;;;;;;0,000;23,01;1,0000;0,000;NaN;NaN;23,00
Flow Curve Down Forward;181,4;10,00;23,28;500,0;4,95385E+005;0,08212;;;;;;;4,148E-004;23,01;1,0000;NaN;1,450E+004;NaN;23,00
Flow Curve Down Forward;191,4;20,00;17,32;340,7;8,36929E+005;0,08635;;;;;;;3,087E-004;23,01;1,0000;NaN;1,523E+004;72,58;23,00
Flow Curve Down Forward;201,4;30,01;13,60;232,1;1,06998E+006;0,08884;;;;;;;2,424E-004;23,01;1,0000;NaN;1,573E+004;49,44;23,00
Flow Curve Down Forward;211,4;40,02;11,00;158,1;1,22872E+006;0,08986;;;;;;;1,959E-004;23,00;1,0000;NaN;1,606E+004;33,69;23,00
Flow Curve Down Forward;221,4;50,03;9,042;107,7;1,33687E+006;0,08995;;;;;;;1,611E-004;23,00;1,0000;NaN;1,629E+004;22,95;23,00
Flow Curve Down Forward;231,4;60,04;7,539;73,39;1,41055E+006;0,08979;;;;;;;1,343E-004;23,00;1,0000;NaN;1,645E+004;15,64;23,00
Flow Curve Down Forward;241,4;70,05;6,351;50,00;1,46075E+006;0,09124;;;;;;;1,132E-004;23,00;1,0000;NaN;1,656E+004;10,65;23,00
Flow Curve Down Forward;251,4;80,05;5,404;34,07;1,49490E+006;0,09122;;;;;;;9,630E-005;23,00;1,0000;NaN;1,663E+004;7,258;23,00
Flow Curve Down Forward;261,4;90,06;4,634;23,21;1,51820E+006;0,09183;;;;;;;8,257E-005;23,00;1,0000;NaN;1,668E+004;4,944;23,00
Flow Curve Down Forward;271,4;100,1;4,005;15,81;1,53406E+006;0,09187;;;;;;;7,137E-005;23,00;1,0000;NaN;1,671E+004;3,369;23,00
Flow Curve Down Forward;281,4;110,1;3,487;10,77;1,54487E+006;0,09275;;;;;;;6,213E-005;23,00;1,0000;NaN;1,673E+004;2,295;23,00
Flow Curve Down Forward;291,4;120,1;3,055;7,339;1,55223E+006;0,09316;;;;;;;5,444E-005;23,00;1,0000;NaN;1,675E+004;1,564;23,00
Flow Curve Down Forward;301,4;130,1;2,695;5,000;1,55725E+006;0,09369;;;;;;;4,802E-005;23,00;1,0000;NaN;1,676E+004;1,065;23,00
Flow Curve Down Forward;311,4;140,1;2,391;3,407;1,56067E+006;0,09378;;;;;;;4,260E-005;23,00;1,0000;NaN;1,677E+004;0,7257;23,00
Flow Curve Down Forward;321,5;150,1;2,132;2,321;1,56300E+006;0,09483;;;;;;;3,800E-005;23,00;1,0000;NaN;1,677E+004;0,4944;23,00
Flow Curve Down Forward;331,5;160,1;1,909;1,581;1,56458E+006;0,09465;;;;;;;3,402E-005;23,00;1,0000;NaN;1,678E+004;0,3369;23,00
Flow Curve Down Forward;341,5;170,1;1,719;1,077;1,56566E+006;0,09482;;;;;;;3,064E-005;23,00;1,0000;NaN;1,678E+004;0,2295;23,00
Flow Curve Down Forward;351,5;180,1;1,549;0,7339;1,56640E+006;0,09567;;;;;;;2,761E-005;23,00;1,0000;NaN;1,678E+004;0,1564;23,00
Flow Curve Down Forward;361,5;190,1;1,404;0,5000;1,56690E+006;0,09579;;;;;;;2,502E-005;23,00;1,0000;NaN;1,678E+004;0,1065;23,00
Flow Curve Down Forward;371,5;200,1;1,271;0,3407;1,56724E+006;0,09661;;;;;;;2,265E-005;23,01;1,0000;NaN;1,678E+004;0,07258;23,00
Flow Curve Down Forward;381,5;210,1;1,152;0,2321;1,56747E+006;0,09588;;;;;;;2,053E-005;23,01;1,0000;NaN;1,678E+004;0,04944;23,00
Flow Curve Down Forward;391,5;220,1;1,045;0,1581;1,56763E+006;0,09614;;;;;;;1,861E-005;23,01;1,0000;NaN;1,678E+004;0,03369;23,00
Flow Curve Down Forward;401,5;230,1;0,9473;0,1077;1,56774E+006;0,09653;;;;;;;1,688E-005;23,01;1,0000;NaN;1,678E+004;0,02295;23,00
Flow Curve Down Forward;411,5;240,1;0,8598;0,07339;1,56781E+006;0,09731;;;;;;;1,532E-005;23,01;1,0000;NaN;1,678E+004;0,01564;23,00
Flow Curve Down Forward;421,5;250,1;0,7821;0,05001;1,56786E+006;0,09667;;;;;;;1,394E-005;23,01;1,0000;NaN;1,678E+004;0,01065;23,00
Flow Curve Down Forward;431,5;260,1;0,7152;0,03407;1,56790E+006;0,09245;;;;;;;1,274E-005;23,01;1,0000;NaN;1,678E+004;7,258E-003;23,00
Flow Curve Down Forward;441,5;270,1;0,6596;0,02321;1,56792E+006;0,09865;;;;;;;1,175E-005;23,01;1,0000;NaN;1,678E+004;4,944E-003;23,00
Flow Curve Down Forward;451,5;280,1;0,6139;0,01583;1,56794E+006;0,09846;;;;;;;1,094E-005;23,01;1,0000;NaN;1,678E+004;3,369E-003;23,00
Flow Curve Down Forward;461,5;290,1;0,5780;0,01078;1,56795E+006;0,09925;;;;;;;1,030E-005;23,01;1,0000;NaN;1,678E+004;2,295E-003;23,00
Flow Curve Down Forward;471,5;300,1;0,5486;7,288E-003;1,56796E+006;0,09929;;;;;;;9,775E-006;23,01;1,0000;NaN;1,678E+004;1,564E-003;23,00
Flow Curve Down Forward;481,5;310,1;0,5279;4,926E-003;1,56796E+006;0,09967;;;;;;;9,406E-006;23,01;1,0000;NaN;1,678E+004;1,065E-003;23,00
Flow Curve Down Forward;491,5;320,1;0,5108;3,363E-003;1,56796E+006;0,09942;;;;;;;9,102E-006;23,01;1,0000;NaN;1,678E+004;7,258E-004;23,00
Flow Curve Down Forward;501,5;330,2;0,4959;2,287E-003;1,56797E+006;0,1000;;;;;;;8,836E-006;23,01;1,0000;NaN;1,678E+004;4,944E-004;23,00
Flow Curve Down Forward;511,5;340,2;0,4838;1,559E-003;1,56797E+006;0,09943;;;;;;;8,621E-006;23,01;1,0000;NaN;1,678E+004;3,369E-004;23,00
Flow Curve Down Forward;521,5;350,2;0,4744;1,064E-003;1,56797E+006;0,1008;;;;;;;8,453E-006;23,01;1,0000;NaN;1,678E+004;2,295E-004;23,00
Flow Curve Down Forward;531,6;360,2;0,4718;9,965E-004;1,56797E+006;0,1012;;;;;;;8,407E-006;23,00;1,0000;NaN;1,678E+004;2,131E-004;23,00
Flow Curve Up Reverse;541,6;10,00;0,4286;9,968E-004;-0,942659;0,1017;;;;;;;7,638E-006;23,01;1,0000;NaN;1,678E+004;-2,130E-004;23,00
Flow Curve Up Reverse;551,6;20,01;0,3606;1,423E-003;-2,35056;0,1018;;;;;;;6,426E-006;23,01;1,0000;NaN;1,678E+004;-3,127E-004;23,00
Flow Curve Up Reverse;561,6;30,01;0,2825;2,107E-003;-4,43006;0,1013;;;;;;;5,034E-006;23,00;1,0000;NaN;1,678E+004;-4,590E-004;23,00
Flow Curve Up Reverse;571,6;40,01;0,1863;3,106E-003;-7,49717;0,1027;;;;;;;3,320E-006;23,00;1,0000;NaN;1,678E+004;-6,737E-004;23,00
Flow Curve Up Reverse;581,6;50,01;0,07156;4,439E-003;-11,8591;0,1026;;;;;;;1,275E-006;23,00;1,0000;NaN;1,678E+004;-9,889E-004;23,00
Flow Curve Up Reverse;591,6;60,02;0,06454;6,703E-003;-18,0380;0,1032;;;;;;;-1,150E-006;23,00;1,0000;NaN;1,678E+004;-1,452E-003;23,00
Flow Curve Up Reverse;601,6;70,02;0,2368;0,01006;-27,9211;0,1029;;;;;;;-4,219E-006;23,00;1,0000;NaN;1,678E+004;-2,131E-003;23,00
Flow Curve Up Reverse;611,6;80,02;0,3918;0,01475;-42,4792;0,1038;;;;;;;-6,982E-006;23,00;1,0000;NaN;1,678E+004;-3,127E-003;23,00
Flow Curve Up Reverse;621,6;90,03;0,5379;0,02162;-63,9206;0,1042;;;;;;;-9,585E-006;23,00;1,0000;NaN;1,678E+004;-4,590E-003;23,00
Flow Curve Up Reverse;631,6;100,0;0,6657;0,03170;-95,4457;0,1045;;;;;;;-1,186E-005;23,01;1,0000;NaN;1,678E+004;-6,737E-003;23,00
Flow Curve Up Reverse;641,6;110,0;0,7714;0,04643;-141,776;0,1044;;;;;;;-1,375E-005;23,01;1,0000;NaN;1,678E+004;-9,889E-003;23,00
Flow Curve Up Reverse;651,6;120,0;0,8706;0,06814;-209,843;0,1048;;;;;;;-1,551E-005;23,01;1,0000;NaN;1,678E+004;-0,01452;23,00
Flow Curve Up Reverse;661,6;130,0;0,9711;0,1000;-309,665;0,1051;;;;;;;-1,730E-005;23,01;1,0000;NaN;1,678E+004;-0,02131;23,00
Flow Curve Up Reverse;671,6;140,1;1,073;0,1468;-456,341;0,1051;;;;;;;-1,912E-005;23,01;1,0000;NaN;1,678E+004;-0,03127;23,00
Flow Curve Up Reverse;681,6;150,1;1,177;0,2155;-671,409;0,1054;;;;;;;-2,098E-005;23,01;1,0000;NaN;1,678E+004;-0,04590;23,00
Flow Curve Up Reverse;691,6;160,1;1,288;0,3163;-987,235;0,1065;;;;;;;-2,295E-005;23,01;1,0000;NaN;1,678E+004;-0,06737;23,00
Flow Curve Up Reverse;701,6;170,1;1,410;0,4642;-1,45061E+003;0,1061;;;;;;;-2,512E-005;23,01;1,0000;NaN;1,678E+004;-0,09889;23,00
Flow Curve Up Reverse;711,6;180,1;1,550;0,6813;-2,13127E+003;0,1066;;;;;;;-2,761E-005;23,01;1,0000;NaN;1,678E+004;-0,1452;23,00
Flow Curve Up Reverse;721,6;190,1;1,702;1,000;-3,13036E+003;0,1065;;;;;;;-3,033E-005;23,02;1,0000;NaN;1,678E+004;-0,2131;23,00
Flow Curve Up Reverse;731,7;200,1;1,882;1,468;-4,59694E+003;0,1068;;;;;;;-3,354E-005;23,02;1,0000;NaN;1,677E+004;-0,3127;23,00
Flow Curve Up Reverse;741,7;210,1;2,090;2,155;-6,74809E+003;0,1070;;;;;;;-3,724E-005;23,02;1,0000;NaN;1,677E+004;-0,4590;23,00
Flow Curve Up Reverse;751,7;220,1;2,333;3,162;-9,90734E+003;0,1081;;;;;;;-4,158E-005;23,02;1,0000;NaN;1,676E+004;-0,6737;23,00
Flow Curve Up Reverse;761,7;230,1;2,622;4,642;-1,45413E+004;0,1085;;;;;;;-4,673E-005;23,03;1,0000;NaN;1,675E+004;-0,9889;23,00
Flow Curve Up Reverse;771,7;240,1;2,963;6,813;-2,13481E+004;0,1090;;;;;;;-5,280E-005;23,03;1,0000;NaN;1,674E+004;-1,452;23,00
Flow Curve Up Reverse;781,7;250,1;3,371;10,00;-3,13394E+004;0,1088;;;;;;;-6,006E-005;23,03;1,0000;NaN;1,672E+004;-2,131;23,00
Flow Curve Up Reverse;791,7;260,1;3,863;14,68;-4,60023E+004;0,1094;;;;;;;-6,883E-005;23,03;1,0000;NaN;1,669E+004;-3,127;23,00
Flow Curve Up Reverse;801,7;270,1;4,458;21,55;-6,75235E+004;0,1090;;;;;;;-7,944E-005;23,02;1,0000;NaN;1,664E+004;-4,590;23,00
Flow Curve Up Reverse;811,7;280,2;5,186;31,62;-9,91134E+004;0,1096;;;;;;;-9,242E-005;23,02;1,0000;NaN;1,657E+004;-6,737;23,00
Flow Curve Up Reverse;821,7;290,1;6,085;46,42;-1,45445E+005;0,1099;;;;;;;-1,084E-004;23,02;1,0000;NaN;1,647E+004;-9,889;23,00
Flow Curve Up Reverse;831,7;300,2;7,201;68,13;-2,13461E+005;0,1113;;;;;;;-1,283E-004;23,02;1,0000;NaN;1,633E+004;-14,51;23,00
Flow Curve Up Reverse;841,7;310,2;8,628;100,0;-3,13352E+005;0,1112;;;;;;;-1,537E-004;23,02;1,0000;NaN;1,612E+004;-21,31;23,00
Flow Curve Up Reverse;851,7;320,2;10,46;146,8;-4,59894E+005;0,1111;;;;;;;-1,863E-004;23,01;1,0000;NaN;1,580E+004;-31,27;23,00
Flow Curve Up Reverse;861,7;330,2;12,92;215,5;-6,74952E+005;0,1119;;;;;;;-2,302E-004;23,01;1,0000;NaN;1,534E+004;-45,90;23,00
Flow Curve Up Reverse;871,7;340,2;16,34;316,2;-9,90865E+005;0,1113;;;;;;;-2,912E-004;23,01;1,0000;NaN;1,467E+004;-67,37;23,00
Flow Curve Up Reverse;881,7;350,2;21,70;464,2;-1,45424E+006;0,1104;;;;;;;-3,867E-004;23,01;1,0000;NaN;1,368E+004;-98,89;23,00
Flow Curve Up Reverse;891,7;360,2;23,20;500,0;-1,95405E+006;0,1105;;;;;;;-4,134E-004;23,01;1,0000;NaN;1,262E+004;-106,5;23,00
Pre Shear Reverse;893,7;2,000;25,04;499,2;-9,88056E+004;0,1105;;;;;;;-4,462E-004;23,01;1,0000;NaN;1,240E+004;-106,5;23,00
Pre Shear Reverse;895,7;4,000;23,23;500,0;-1,98812E+005;0,1106;;;;;;;-4,139E-004;23,01;1,0000;NaN;1,219E+004;-106,5;23,00
Pre Shear Reverse;897,7;6,000;23,24;500,0;-2,98818E+005;0,1097;;;;;;;-4,141E-004;23,01;1,0000;NaN;1,198E+004;-106,5;23,00
Pre Shear Reverse;899,7;8,000;23,24;500,0;-3,98824E+005;0,1103;;;;;;;-4,141E-004;23,01;1,0000;NaN;1,176E+004;-106,5;23,00
Pre Shear Reverse;901,7;10,00;23,23;500,0;-4,98831E+005;0,1106;;;;;;;-4,139E-004;23,01;1,0000;NaN;1,155E+004;-106,5;23,00
Pre Shear Reverse;903,7;12,00;23,20;500,0;-5,98837E+005;0,1114;;;;;;;-4,134E-004;23,01;1,0000;NaN;1,134E+004;-106,5;23,00
Pre Shear Reverse;905,7;14,00;23,22;500,0;-6,98844E+005;0,1114;;;;;;;-4,137E-004;23,01;1,0000;NaN;1,113E+004;-106,5;23,00
Pre Shear Reverse;907,7;16,00;23,22;500,0;-7,98844E+005;0,1114;;;;;;;-4,137E-004;23,01;1,0000;NaN;1,091E+004;-106,5;23,00
Pre Shear Reverse;909,7;18,00;23,21;500,0;-8,98850E+005;0,1115;;;;;;;-4,136E-004;23,01;1,0000;NaN;1,070E+004;-106,5;23,00
Pre Shear Reverse;911,7;20,00;23,23;500,0;-9,98856E+005;0,1116;;;;;;;-4,139E-004;23,01;1,0000;NaN;1,049E+004;-106,5;23,00
Pre Shear Reverse;913,7;22,00;23,23;500,0;-1,09886E+006;0,1115;;;;;;;-4,139E-004;23,01;1,0000;NaN;1,027E+004;-106,5;23,00
Pre Shear Reverse;915,7;24,00;23,24;500,0;-1,19887E+006;0,1112;;;;;;;-4,142E-004;23,01;1,0000;NaN;1,006E+004;-106,5;23,00
Pre Shear Reverse;917,7;26,00;23,26;500,0;-1,29887E+006;0,1112;;;;;;;-4,144E-004;23,01;1,0000;NaN;9,847E+003;-106,5;23,00
Pre Shear Reverse;919,7;28,00;23,25;500,0;-1,39888E+006;0,1109;;;;;;;-4,143E-004;23,01;1,0000;NaN;9,634E+003;-106,5;23,00
Pre Shear Reverse;921,7;30,00;23,23;500,0;-1,49889E+006;0,1111;;;;;;;-4,140E-004;23,01;1,0000;NaN;9,421E+003;-106,5;23,00
Pre Shear Reverse;923,7;32,00;23,26;500,0;-1,59889E+006;0,1119;;;;;;;-4,144E-004;23,01;1,0000;NaN;9,208E+003;-106,5;23,00
Pre Shear Reverse;925,7;34,00;23,25;500,0;-1,69889E+006;0,1122;;;;;;;-4,142E-004;23,01;1,0000;NaN;8,995E+003;-106,5;23,00
Pre Shear Reverse;927,7;36,00;23,24;500,0;-1,79890E+006;0,1122;;;;;;;-4,141E-004;23,01;1,0000;NaN;8,782E+003;-106,5;23,00
Pre Shear Reverse;929,7;38,00;23,23;500,0;-1,89891E+006;0,1124;;;;;;;-4,140E-004;23,01;1,0000;NaN;8,569E+003;-106,5;23,00
Pre Shear Reverse;931,7;40,00;23,23;500,0;-1,99891E+006;0,1121;;;;;;;-4,138E-004;23,00;1,0000;NaN;8,356E+003;-106,5;23,00
Pre Shear Reverse;933,7;42,00;23,23;500,0;-2,09892E+006;0,1114;;;;;;;-4,139E-004;23,00;1,0000;NaN;8,143E+003;-106,5;23,00
Pre Shear Reverse;935,7;44,00;23,24;500,0;-2,19892E+006;0,1114;;;;;;;-4,141E-004;23,01;1,0000;NaN;7,930E+003;-106,5;23,00
Pre Shear Reverse;937,7;46,00;23,23;500,0;-2,29893E+006;0,1118;;;;;;;-4,140E-004;23,01;1,0000;NaN;7,717E+003;-106,5;23,00
Pre Shear Reverse;939,7;48,00;23,22;500,0;-2,39894E+006;0,1121;;;;;;;-4,138E-004;23,01;1,0000;NaN;7,504E+003;-106,5;23,00
Pre Shear Reverse;941,7;50,00;23,27;500,0;-2,49894E+006;0,1120;;;;;;;-4,146E-004;23,01;1,0000;NaN;7,291E+003;-106,5;23,00
Pre Shear Reverse;943,7;52,00;23,26;500,0;-2,59894E+006;0,1119;;;;;;;-4,145E-004;23,01;1,0000;NaN;7,078E+003;-106,5;23,00
Pre Shear Reverse;945,7;54,00;23,26;500,0;-2,69895E+006;0,1117;;;;;;;-4,144E-004;23,01;1,0000;NaN;6,865E+003;-106,5;23,00
Pre Shear Reverse;947,7;56,00;23,25;500,0;-2,79896E+006;0,1123;;;;;;;-4,143E-004;23,01;1,0000;NaN;6,652E+003;-106,5;23,00
Pre Shear Reverse;949,7;58,00;23,24;500,0;-2,89896E+006;0,1126;;;;;;;-4,141E-004;23,01;1,0000;NaN;6,439E+003;-106,5;23,00
Pre Shear Reverse;951,7;60,00;23,23;500,0;-2,99897E+006;0,1124;;;;;;;-4,139E-004;23,01;1,0000;NaN;6,226E+003;-106,5;23,00
Rest Reverse;952,7;1,000;40,53;440,5;-4,22928E+004;0,1135;;;;;;;-7,222E-004;23,01;1,0000;0,000;NaN;NaN;23,00
Rest Reverse;953,7;2,000;0,2051;363,7;-7,25937E+004;0,1149;;;;;;;3,655E-006;23,01;1,0000;0,000;NaN;NaN;23,00
Rest Reverse;954,7;3,000;0,000;251,3;-9,28609E+004;0,1150;;;;;;;0,000;23,01;1,0000;0,000;NaN;NaN;23,00
Rest Reverse;955,7;4,000;0,000;162,1;-1,05295E+005;0,1153;;;;;;;0,000;23,01;1,0000;0,000;NaN;NaN;23,00
Rest Reverse;956,7;5,000;0,000;93,75;-1,11858E+005;0,1154;;;;;;;0,000;23,01;1,0000;0,000;NaN;NaN;23,00
Rest Reverse;957,7;6,000;0,000;44,13;-1,14350E+005;0,1146;;;;;;;0,000;23,01;1,0000;0,000;NaN;NaN;23,00
Rest Reverse;958,7;7,000;0,000;12,35;-1,14599E+005;0,1146;;;;;;;0,000;23,01;1,0000;0,000;NaN;NaN;23,00
Rest Reverse;959,7;8,000;0,000;0,4262;-1,14592E+005;0,1149;;;;;;;0,000;23,01;1,0000;0,000;NaN;NaN;23,00
Rest Reverse;960,7;9,000;0,000;2,362E-003;-1,14591E+005;0,1147;;;;;;;0,000;23,01;1,0000;0,000;NaN;NaN;23,00
Rest Reverse;961,7;10,00;0,000;9,514E-005;-1,14592E+005;0,1147;;;;;;;0,000;23,01;1,0000;0,000;NaN;NaN;23,00
Rest Reverse;962,7;11,00;0,000;6,471E-004;-1,14592E+005;0,1144;;;;;;;0,000;23,01;1,0000;0,000;NaN;NaN;23,00
Rest Reverse;963,7;12,00;0,000;8,775E-004;-1,14591E+005;0,1149;;;;;;;0,000;23,01;1,0000;0,000;NaN;NaN;23,00
Rest Reverse;964,7;13,00;0,000;5,396E-004;-1,14591E+005;0,1147;;;;;;;0,000;23,01;1,0000;0,000;NaN;NaN;23,00
Rest Reverse;965,7;14,00;0,000;3,496E-004;-1,14591E+005;0,1148;;;;;;;0,000;23,01;1,0000;0,000;NaN;NaN;23,00
Rest Reverse;966,7;15,00;0,000;3,462E-004;-1,14591E+005;0,1149;;;;;;;0,000;23,00;1,0000;0,000;NaN;NaN;23,00
Rest Reverse;967,7;16,00;0,000;3,242E-004;-1,14591E+005;0,1152;;;;;;;0,000;23,00;1,0000;0,000;NaN;NaN;23,00
Rest Reverse;968,7;17,00;0,000;2,865E-004;-1,14591E+005;0,1149;;;;;;;0,000;23,00;1,0000;0,000;NaN;NaN;23,00
Rest Reverse;969,7;18,00;0,000;1,977E-004;-1,14591E+005;0,1153;;;;;;;0,000;23,00;1,0000;0,000;NaN;NaN;23,00
Rest Reverse;970,7;19,00;0,000;2,157E-004;-1,14591E+005;0,1153;;;;;;;0,000;23,00;1,0000;0,000;NaN;NaN;23,00
Rest Reverse;971,7;20,00;0,000;1,804E-004;-1,14591E+005;0,1155;;;;;;;0,000;23,00;1,0000;0,000;NaN;NaN;23,00
Rest Reverse;972,7;21,00;0,000;1,696E-004;-1,14591E+005;0,1154;;;;;;;0,000;23,00;1,0000;0,000;NaN;NaN;23,00
Rest Reverse;973,7;22,00;0,000;1,429E-004;-1,14591E+005;0,1152;;;;;;;0,000;23,00;1,0000;0,000;NaN;NaN;23,00
Rest Reverse;974,7;23,00;0,000;1,604E-004;-1,14591E+005;0,1157;;;;;;;0,000;23,00;1,0000;0,000;NaN;NaN;23,00
Rest Reverse;975,7;24,00;0,000;1,031E-004;-1,14591E+005;0,1153;;;;;;;0,000;23,00;1,0000;0,000;NaN;NaN;23,00
Rest Reverse;976,7;25,00;0,000;1,308E-004;-1,14591E+005;0,1159;;;;;;;0,000;23,00;1,0000;0,000;NaN;NaN;23,00
Rest Reverse;977,7;26,00;0,000;9,708E-005;-1,14591E+005;0,1163;;;;;;;0,000;23,00;1,0000;0,000;NaN;NaN;23,00
Rest Reverse;978,7;27,00;0,000;1,648E-004;-1,14591E+005;0,1154;;;;;;;0,000;23,00;1,0000;0,000;NaN;NaN;23,00
Rest Reverse;979,7;28,00;0,000;1,133E-004;-1,14591E+005;0,1160;;;;;;;0,000;23,00;1,0000;0,000;NaN;NaN;23,00
Rest Reverse;980,7;29,00;0,000;3,627E-005;-1,14591E+005;0,1147;;;;;;;0,000;23,00;1,0000;0,000;NaN;NaN;23,00
Rest Reverse;981,7;30,00;0,000;9,288E-005;-1,14591E+005;0,1155;;;;;;;0,000;23,00;1,0000;0,000;NaN;NaN;23,00
Flow Curve Down Reverse;991,7;10,00;23,27;500,0;-4,96110E+005;0,1136;;;;;;;-4,146E-004;23,00;1,0000;NaN;4,923E+003;NaN;23,00
Flow Curve Down Reverse;1,002E+003;20,01;17,31;340,7;-8,38198E+005;0,1159;;;;;;;-3,085E-004;23,00;1,0000;NaN;4,196E+003;-72,58;23,00
Flow Curve Down Reverse;1,012E+003;30,02;13,60;232,1;-1,07120E+006;0,1161;;;;;;;-2,423E-004;23,00;1,0000;NaN;3,701E+003;-49,44;23,00
Flow Curve Down Reverse;1,022E+003;40,02;11,00;158,1;-1,22970E+006;0,1176;;;;;;;-1,959E-004;23,00;1,0000;NaN;3,364E+003;-33,69;23,00
Flow Curve Down Reverse;1,032E+003;50,03;9,043;107,7;-1,33787E+006;0,1167;;;;;;;-1,611E-004;23,00;1,0000;NaN;3,134E+003;-22,95;23,00
Flow Curve Down Reverse;1,042E+003;60,04;7,545;73,39;-1,41156E+006;0,1177;;;;;;;-1,344E-004;23,00;1,0000;NaN;2,978E+003;-15,64;23,00
Flow Curve Down Reverse;1,052E+003;70,05;6,360;50,00;-1,46176E+006;0,1178;;;;;;;-1,133E-004;23,00;1,0000;NaN;2,871E+003;-10,65;23,00
Flow Curve Down Reverse;1,062E+003;80,05;5,414;34,07;-1,49591E+006;0,1184;;;;;;;-9,648E-005;23,01;1,0000;NaN;2,798E+003;-7,257;23,00
Flow Curve Down Reverse;1,072E+003;90,05;4,646;23,21;-1,51918E+006;0,1184;;;;;;;-8,279E-005;23,01;1,0000;NaN;2,749E+003;-4,944;23,00
Flow Curve Down Reverse;1,082E+003;100,1;4,021;15,81;-1,53506E+006;0,1182;;;;;;;-7,164E-005;23,01;1,0000;NaN;2,715E+003;-3,369;23,00
Flow Curve Down Reverse;1,092E+003;110,1;3,504;10,77;-1,54587E+006;0,1187;;;;;;;-6,243E-005;23,01;1,0000;NaN;2,692E+003;-2,295;23,00
Flow Curve Down Reverse;1,102E+003;120,1;3,074;7,339;-1,55323E+006;0,1194;;;;;;;-5,478E-005;23,01;1,0000;NaN;2,676E+003;-1,564;23,00
Flow Curve Down Reverse;1,112E+003;130,1;2,716;5,000;-1,55825E+006;0,1194;;;;;;;-4,840E-005;23,01;1,0000;NaN;2,666E+003;-1,065;23,00
Flow Curve Down Reverse;1,122E+003;140,1;2,413;3,407;-1,56167E+006;0,1196;;;;;;;-4,300E-005;23,01;1,0000;NaN;2,659E+003;-0,7258;23,00
Flow Curve Down Reverse;1,132E+003;150,1;2,157;2,321;-1,56400E+006;0,1203;;;;;;;-3,844E-005;23,01;1,0000;NaN;2,654E+003;-0,4944;23,00
Flow Curve Down Reverse;1,142E+003;160,1;1,936;1,581;-1,56559E+006;0,1208;;;;;;;-3,450E-005;23,01;1,0000;NaN;2,650E+003;-0,3369;23,00
Flow Curve Down Reverse;1,152E+003;170,1;1,749;1,077;-1,56667E+006;0,1219;;;;;;;-3,117E-005;23,01;1,0000;NaN;2,648E+003;-0,2295;23,00
Flow Curve Down Reverse;1,162E+003;180,1;1,581;0,7339;-1,56740E+006;0,1214;;;;;;;-2,817E-005;23,01;1,0000;NaN;2,646E+003;-0,1564;23,00
Flow Curve Down Reverse;1,172E+003;190,1;1,439;0,5000;-1,56790E+006;0,1220;;;;;;;-2,563E-005;23,02;1,0000;NaN;2,645E+003;-0,1065;23,00
Flow Curve Down Reverse;1,182E+003;200,1;1,311;0,3407;-1,56825E+006;0,1216;;;;;;;-2,336E-005;23,02;1,0000;NaN;2,645E+003;-0,07258;23,00
Flow Curve Down Reverse;1,192E+003;210,1;1,197;0,2321;-1,56848E+006;0,1217;;;;;;;-2,132E-005;23,02;1,0000;NaN;2,644E+003;-0,04944;23,00
Flow Curve Down Reverse;1,202E+003;220,1;1,094;0,1581;-1,56864E+006;0,1229;;;;;;;-1,949E-005;23,02;1,0000;NaN;2,644E+003;-0,03369;23,00
Flow Curve Down Reverse;1,212E+003;230,2;1,002;0,1077;-1,56875E+006;0,1229;;;;;;;-1,786E-005;23,02;1,0000;NaN;2,643E+003;-0,02295;23,00
Flow Curve Down Reverse;1,222E+003;240,2;0,9198;0,07340;-1,56882E+006;0,1232;;;;;;;-1,639E-005;23,03;1,0000;NaN;2,643E+003;-0,01564;23,00
Flow Curve Down Reverse;1,232E+003;250,2;0,8458;0,05000;-1,56887E+006;0,1238;;;;;;;-1,507E-005;23,03;1,0000;NaN;2,643E+003;-0,01065;23,00
Flow Curve Down Reverse;1,242E+003;260,2;0,7805;0,03407;-1,56890E+006;0,1237;;;;;;;-1,391E-005;23,03;1,0000;NaN;2,643E+003;-7,257E-003;23,00
Flow Curve Down Reverse;1,252E+003;270,2;0,7248;0,02321;-1,56893E+006;0,1245;;;;;;;-1,292E-005;23,02;1,0000;NaN;2,643E+003;-4,944E-003;23,00
Flow Curve Down Reverse;1,262E+003;280,2;0,6782;0,01582;-1,56894E+006;0,1252;;;;;;;-1,209E-005;23,02;1,0000;NaN;2,643E+003;-3,369E-003;23,00
Flow Curve Down Reverse;1,272E+003;290,2;0,6399;0,01077;-1,56895E+006;0,1246;;;;;;;-1,140E-005;23,02;1,0000;NaN;2,643E+003;-2,295E-003;23,00
Flow Curve Down Reverse;1,282E+003;300,2;0,6085;7,276E-003;-1,56896E+006;0,1250;;;;;;;-1,084E-005;23,01;1,0000;NaN;2,643E+003;-1,564E-003;23,00
Flow Curve Down Reverse;1,292E+003;310,2;0,5871;4,918E-003;-1,56897E+006;0,1256;;;;;;;-1,046E-005;23,02;1,0000;NaN;2,643E+003;-1,065E-003;23,00
Flow Curve Down Reverse;1,302E+003;320,2;0,5681;3,362E-003;-1,56897E+006;0,1254;;;;;;;-1,012E-005;23,02;1,0000;NaN;2,643E+003;-7,258E-004;23,00
Flow Curve Down Reverse;1,312E+003;330,2;0,5523;2,284E-003;-1,56897E+006;0,1258;;;;;;;-9,841E-006;23,01;1,0000;NaN;2,643E+003;-4,944E-004;23,00
Flow Curve Down Reverse;1,322E+003;340,2;0,5396;1,555E-003;-1,56897E+006;0,1257;;;;;;;-9,615E-006;23,01;1,0000;NaN;2,643E+003;-3,369E-004;23,00
Flow Curve Down Reverse;1,332E+003;350,2;0,5295;1,063E-003;-1,56897E+006;0,1269;;;;;;;-9,435E-006;23,01;1,0000;NaN;2,643E+003;-2,295E-004;23,00
Flow Curve Down Reverse;1,342E+003;360,2;0,5265;9,927E-004;-1,56898E+006;0,1277;;;;;;;-9,382E-006;23,01;1,0000;NaN;2,643E+003;-2,131E-004;23,00
Flow Curve Up Forward;1,352E+003;10,00;0,4817;9,900E-004;0,933254;0,1273;;;;;;;-8,583E-006;23,01;1,0000;NaN;2,643E+003;2,130E-004;23,00
Flow Curve Up Forward;1,362E+003;20,01;0,4094;1,422E-003;2,33997;0,1281;;;;;;;-7,295E-006;23,01;1,0000;NaN;2,643E+003;3,127E-004;23,00
Flow Curve Up Forward;1,372E+003;30,01;0,3268;2,101E-003;4,41064;0,1276;;;;;;;-5,824E-006;23,01;1,0000;NaN;2,643E+003;4,590E-004;23,00
Flow Curve Up Forward;1,382E+003;40,02;0,2256;3,097E-003;7,47438;0,1287;;;;;;;-4,019E-006;23,01;1,0000;NaN;2,643E+003;6,737E-004;23,00
Flow Curve Up Forward;1,392E+003;50,02;0,1048;4,587E-003;11,9987;0,1284;;;;;;;-1,867E-006;23,01;1,0000;NaN;2,643E+003;9,889E-004;23,00
Flow Curve Up Forward;1,402E+003;60,02;0,03796;6,190E-003;18,1284;0,1300;;;;;;;6,764E-007;23,00;1,0000;NaN;2,643E+003;1,452E-003;23,00
Flow Curve Up Forward;1,412E+003;70,02;0,2156;0,01005;28,0181;0,1296;;;;;;;3,842E-006;23,01;1,0000;NaN;2,643E+003;2,131E-003;23,00
Flow Curve Up Forward;1,422E+003;80,02;0,3867;0,01473;42,5685;0,1298;;;;;;;6,890E-006;23,01;1,0000;NaN;2,643E+003;3,127E-003;23,00
Flow Curve Up Forward;1,432E+003;90,02;0,5469;0,02166;64,0002;0,1304;;;;;;;9,746E-006;23,01;1,0000;NaN;2,643E+003;4,590E-003;23,00
Flow Curve Up Forward;1,442E+003;100,0;0,6789;0,03167;95,5152;0,1315;;;;;;;1,210E-005;23,00;1,0000;NaN;2,643E+003;6,737E-003;23,00
Flow Curve Up Forward;1,452E+003;110,0;0,7866;0,04643;141,905;0,1308;;;;;;;1,402E-005;23,00;1,0000;NaN;2,643E+003;9,889E-003;23,00
Flow Curve Up Forward;1,462E+003;120,0;0,8838;0,06814;209,930;0,1316;;;;;;;1,575E-005;23,01;1,0000;NaN;2,643E+003;0,01452;23,00
Flow Curve Up Forward;1,472E+003;130,0;0,9784;0,1000;309,809;0,1315;;;;;;;1,743E-005;23,00;1,0000;NaN;2,644E+003;0,02131;23,00
Flow Curve Up Forward;1,482E+003;140,0;1,074;0,1468;456,433;0,1318;;;;;;;1,913E-005;23,00;1,0000;NaN;2,644E+003;0,03127;23,00
Flow Curve Up Forward;1,492E+003;150,1;1,172;0,2154;671,682;0,1316;;;;;;;2,089E-005;23,00;1,0000;NaN;2,644E+003;0,04590;23,00
Flow Curve Up Forward;1,502E+003;160,1;1,279;0,3162;987,471;0,1322;;;;;;;2,280E-005;23,00;1,0000;NaN;2,645E+003;0,06737;23,00
Flow Curve Up Forward;1,512E+003;170,1;1,404;0,4639;1,45118E+003;0,1329;;;;;;;2,501E-005;23,00;1,0000;NaN;2,646E+003;0,09889;23,00
Flow Curve Up Forward;1,522E+003;180,1;1,537;0,6813;2,13192E+003;0,1332;;;;;;;2,739E-005;23,00;1,0000;NaN;2,648E+003;0,1452;23,00
Flow Curve Up Forward;1,532E+003;190,1;1,690;1,000;3,13102E+003;0,1330;;;;;;;3,011E-005;23,00;1,0000;NaN;2,650E+003;0,2130;23,00
Flow Curve Up Forward;1,542E+003;200,1;1,870;1,468;4,59735E+003;0,1330;;;;;;;3,332E-005;23,00;1,0000;NaN;2,653E+003;0,3127;23,00
Flow Curve Up Forward;1,552E+003;210,1;2,075;2,155;6,74814E+003;0,1336;;;;;;;3,698E-005;23,00;1,0000;NaN;2,657E+003;0,4590;23,00
Flow Curve Up Forward;1,562E+003;220,1;2,318;3,162;9,90552E+003;0,1338;;;;;;;4,131E-005;23,00;1,0000;NaN;2,664E+003;0,6737;23,00
Flow Curve Up Forward;1,572E+003;230,1;2,605;4,642;1,45391E+004;0,1343;;;;;;;4,643E-005;23,00;1,0000;NaN;2,674E+003;0,9889;23,00
Flow Curve Up Forward;1,582E+003;240,1;2,944;6,813;2,13452E+004;0,1346;;;;;;;5,247E-005;23,00;1,0000;NaN;2,689E+003;1,451;23,00
Flow Curve Up Forward;1,592E+003;250,1;3,353;10,00;3,13291E+004;0,1350;;;;;;;5,975E-005;23,00;1,0000;NaN;2,710E+003;2,131;23,00
Flow Curve Up Forward;1,602E+003;260,1;3,843;14,68;4,59942E+004;0,1351;;;;;;;6,848E-005;23,00;1,0000;NaN;2,741E+003;3,127;23,00
Flow Curve Up Forward;1,612E+003;270,1;4,443;21,55;6,75042E+004;0,1354;;;;;;;7,917E-005;23,00;1,0000;NaN;2,787E+003;4,590;23,00
Flow Curve Up Forward;1,622E+003;280,1;5,168;31,63;9,91008E+004;0,1356;;;;;;;9,209E-005;23,00;1,0000;NaN;2,854E+003;6,737;23,00
Flow Curve Up Forward;1,632E+003;290,1;6,059;46,42;1,45437E+005;0,1356;;;;;;;1,080E-004;23,01;1,0000;NaN;2,953E+003;9,889;23,00
Flow Curve Up Forward;1,642E+003;300,1;7,171;68,13;2,13505E+005;0,1356;;;;;;;1,278E-004;23,01;1,0000;NaN;3,099E+003;14,52;23,00
Flow Curve Up Forward;1,652E+003;310,1;8,604;100,0;3,13405E+005;0,1354;;;;;;;1,533E-004;23,01;1,0000;NaN;3,312E+003;21,30;23,00
Flow Curve Up Forward;1,662E+003;320,1;10,43;146,8;4,59939E+005;0,1351;;;;;;;1,859E-004;23,01;1,0000;NaN;3,624E+003;31,27;23,00
Flow Curve Up Forward;1,672E+003;330,1;12,89;215,5;6,75018E+005;0,1351;;;;;;;2,297E-004;23,01;1,0000;NaN;4,083E+003;45,90;23,00
Flow Curve Up Forward;1,682E+003;340,1;16,33;316,2;9,90705E+005;0,1331;;;;;;;2,909E-004;23,01;1,0000;NaN;4,757E+003;67,37;23,00
Flow Curve Up Forward;1,692E+003;350,2;21,71;464,2;1,45442E+006;0,1312;;;;;;;3,868E-004;23,01;1,0000;NaN;5,746E+003;98,89;23,00
Flow Curve Up Forward;1,702E+003;360,2;23,16;500,0;1,95425E+006;0,1318;;;;;;;4,126E-004;23,01;1,0000;NaN;6,811E+003;106,5;23,00
Pre Shear Forward (1);1,704E+003;2,000;37,86;498,6;9,75110E+004;0,1315;;;;;;;6,746E-004;23,01;1,0000;NaN;7,026E+003;106,5;23,00
Pre Shear Forward (1);1,706E+003;4,000;23,13;500,0;1,97511E+005;0,1320;;;;;;;4,122E-004;23,01;1,0000;NaN;7,239E+003;106,5;23,00
Pre Shear Forward (1);1,708E+003;6,000;23,13;500,0;2,97518E+005;0,1324;;;;;;;4,121E-004;23,01;1,0000;NaN;7,452E+003;106,5;23,00
Pre Shear Forward (1);1,710E+003;8,000;23,14;500,0;3,97524E+005;0,1318;;;;;;;4,123E-004;23,01;1,0000;NaN;7,665E+003;106,5;23,00
Pre Shear Forward (1);1,712E+003;10,00;23,15;500,0;4,97530E+005;0,1308;;;;;;;4,124E-004;23,01;1,0000;NaN;7,878E+003;106,5;23,00
Pre Shear Forward (1);1,714E+003;12,00;23,13;500,0;5,97536E+005;0,1313;;;;;;;4,122E-004;23,01;1,0000;NaN;8,091E+003;106,5;23,00
Pre Shear Forward (1);1,716E+003;14,00;23,14;500,0;6,97542E+005;0,1305;;;;;;;4,124E-004;23,01;1,0000;NaN;8,304E+003;106,5;23,00
Pre Shear Forward (1);1,718E+003;16,00;23,19;500,0;7,97548E+005;0,1304;;;;;;;4,131E-004;23,01;1,0000;NaN;8,517E+003;106,5;23,00
Pre Shear Forward (1);1,720E+003;18,00;23,20;500,0;8,97554E+005;0,1302;;;;;;;4,134E-004;23,01;1,0000;NaN;8,730E+003;106,5;23,00
Pre Shear Forward (1);1,722E+003;20,00;23,20;500,0;9,97560E+005;0,1302;;;;;;;4,134E-004;23,01;1,0000;NaN;8,943E+003;106,5;23,00
Pre Shear Forward (1);1,724E+003;22,00;23,19;500,0;1,09756E+006;0,1306;;;;;;;4,133E-004;23,01;1,0000;NaN;9,156E+003;106,5;23,00
Pre Shear Forward (1);1,726E+003;24,00;23,18;500,0;1,19757E+006;0,1303;;;;;;;4,131E-004;23,02;1,0000;NaN;9,369E+003;106,5;23,00
Pre Shear Forward (1);1,728E+003;26,00;23,17;500,0;1,29757E+006;0,1309;;;;;;;4,129E-004;23,02;1,0000;NaN;9,582E+003;106,5;23,00
Pre Shear Forward (1);1,730E+003;28,00;23,17;500,0;1,39758E+006;0,1312;;;;;;;4,129E-004;23,02;1,0000;NaN;9,795E+003;106,5;23,00
Pre Shear Forward (1);1,732E+003;30,00;23,14;500,0;1,49759E+006;0,1312;;;;;;;4,123E-004;23,02;1,0000;NaN;1,001E+004;106,5;23,00
Pre Shear Forward (1);1,734E+003;32,00;23,13;500,0;1,59759E+006;0,1304;;;;;;;4,122E-004;23,02;1,0000;NaN;1,022E+004;106,5;23,00
Pre Shear Forward (1);1,736E+003;34,00;23,18;500,0;1,69760E+006;0,1305;;;;;;;4,131E-004;23,02;1,0000;NaN;1,043E+004;106,5;23,00
Pre Shear Forward (1);1,738E+003;36,00;23,19;500,0;1,79760E+006;0,1312;;;;;;;4,133E-004;23,02;1,0000;NaN;1,065E+004;106,5;23,00
Pre Shear Forward (1);1,740E+003;38,00;23,21;500,0;1,89761E+006;0,1327;;;;;;;4,136E-004;23,02;1,0000;NaN;1,086E+004;106,5;23,00
Pre Shear Forward (1);1,742E+003;40,00;23,22;500,0;1,99761E+006;0,1318;;;;;;;4,138E-004;23,02;1,0000;NaN;1,107E+004;106,5;23,00
Pre Shear Forward (1);1,744E+003;42,00;23,21;500,0;2,09762E+006;0,1336;;;;;;;4,136E-004;23,02;1,0000;NaN;1,129E+004;106,5;23,00
Pre Shear Forward (1);1,746E+003;44,00;23,20;500,0;2,19762E+006;0,1356;;;;;;;4,134E-004;23,02;1,0000;NaN;1,150E+004;106,5;23,00
Pre Shear Forward (1);1,748E+003;46,00;23,19;500,0;2,29763E+006;0,1366;;;;;;;4,133E-004;23,02;1,0000;NaN;1,171E+004;106,5;23,00
Pre Shear Forward (1);1,750E+003;48,00;23,16;500,0;2,39764E+006;0,1371;;;;;;;4,127E-004;23,02;1,0000;NaN;1,193E+004;106,5;23,00
Pre Shear Forward (1);1,752E+003;50,00;23,14;500,0;2,49764E+006;0,1378;;;;;;;4,124E-004;23,02;1,0000;NaN;1,214E+004;106,5;23,00
Pre Shear Forward (1);1,754E+003;52,00;23,17;500,0;2,59765E+006;0,1377;;;;;;;4,129E-004;23,02;1,0000;NaN;1,235E+004;106,5;23,00
Pre Shear Forward (1);1,756E+003;54,00;23,18;500,0;2,69765E+006;0,1371;;;;;;;4,130E-004;23,02;1,0000;NaN;1,256E+004;106,5;23,00
Pre Shear Forward (1);1,758E+003;56,00;23,18;500,0;2,79765E+006;0,1361;;;;;;;4,130E-004;23,02;1,0000;NaN;1,278E+004;106,5;23,00
Pre Shear Forward (1);1,760E+003;58,00;23,19;500,0;2,89766E+006;0,1359;;;;;;;4,133E-004;23,02;1,0000;NaN;1,299E+004;106,5;23,00
Pre Shear Forward (1);1,762E+003;60,00;23,20;500,0;2,99767E+006;0,1353;;;;;;;4,134E-004;23,02;1,0000;NaN;1,320E+004;106,5;23,00
Rest Forward (1);1,763E+003;1,000;47,55;441,1;4,23604E+004;0,1385;;;;;;;8,472E-004;23,02;1,0000;0,000;NaN;NaN;23,00
Rest Forward (1);1,764E+003;2,000;0,6705;364,4;7,27239E+004;0,1395;;;;;;;1,195E-005;23,02;1,0000;0,000;NaN;NaN;23,00
Rest Forward (1);1,765E+003;3,000;0,000;252,0;9,30629E+004;0,1402;;;;;;;0,000;23,02;1,0000;0,000;NaN;NaN;23,00
Rest Forward (1);1,766E+003;4,000;0,000;162,8;1,05561E+005;0,1414;;;;;;;0,000;23,02;1,0000;0,000;NaN;NaN;23,00
Rest Forward (1);1,767E+003;5,000;0,000;94,37;1,12183E+005;0,1425;;;;;;;0,000;23,02;1,0000;0,000;NaN;NaN;23,00
Rest Forward (1);1,768E+003;6,000;0,000;44,66;1,14723E+005;0,1429;;;;;;;0,000;23,02;1,0000;0,000;NaN;NaN;23,00
Rest Forward (1);1,769E+003;7,000;0,000;12,72;1,14993E+005;0,1423;;;;;;;0,000;23,02;1,0000;0,000;NaN;NaN;23,00
Rest Forward (1);1,770E+003;8,000;0,000;0,5003;1,14985E+005;0,1420;;;;;;;0,000;23,02;1,0000;0,000;NaN;NaN;23,00
Rest Forward (1);1,771E+003;9,000;0,000;1,372E-003;1,14985E+005;0,1421;;;;;;;0,000;23,02;1,0000;0,000;NaN;NaN;23,00
Rest Forward (1);1,772E+003;10,00;0,000;2,180E-004;1,14985E+005;0,1416;;;;;;;0,000;23,02;1,0000;0,000;NaN;NaN;23,00
Rest Forward (1);1,773E+003;11,00;0,000;5,427E-004;1,14985E+005;0,1419;;;;;;;0,000;23,02;1,0000;0,000;NaN;NaN;23,00
Rest Forward (1);1,774E+003;12,00;0,000;7,787E-004;1,14985E+005;0,1419;;;;;;;0,000;23,02;1,0000;0,000;NaN;NaN;23,00
Rest Forward (1);1,775E+003;13,00;0,000;5,049E-004;1,14985E+005;0,1422;;;;;;;0,000;23,02;1,0000;0,000;NaN;NaN;23,00
Rest Forward (1);1,776E+003;14,00;0,000;3,549E-004;1,14985E+005;0,1425;;;;;;;0,000;23,02;1,0000;0,000;NaN;NaN;23,00
Rest Forward (1);1,777E+003;15,00;0,000;2,917E-004;1,14985E+005;0,1420;;;;;;;0,000;23,02;1,0000;0,000;NaN;NaN;23,00
Rest Forward (1);1,778E+003;16,00;0,000;2,496E-004;1,14985E+005;0,1431;;;;;;;0,000;23,02;1,0000;0,000;NaN;NaN;23,00
Rest Forward (1);1,779E+003;17,00;0,000;2,255E-004;1,14984E+005;0,1426;;;;;;;0,000;23,02;1,0000;0,000;NaN;NaN;23,00
Rest Forward (1);1,780E+003;18,00;0,000;2,097E-004;1,14984E+005;0,1422;;;;;;;0,000;23,02;1,0000;0,000;NaN;NaN;23,00
Rest Forward (1);1,781E+003;19,00;0,000;1,021E-004;1,14984E+005;0,1424;;;;;;;0,000;23,02;1,0000;0,000;NaN;NaN;23,00
Rest Forward (1);1,782E+003;20,00;0,000;1,489E-004;1,14984E+005;0,1420;;;;;;;0,000;23,02;1,0000;0,000;NaN;NaN;23,00
Rest Forward (1);1,783E+003;21,00;0,000;1,577E-004;1,14984E+005;0,1424;;;;;;;0,000;23,02;1,0000;0,000;NaN;NaN;23,00
Rest Forward (1);1,784E+003;22,00;0,000;1,186E-004;1,14984E+005;0,1418;;;;;;;0,000;23,02;1,0000;0,000;NaN;NaN;23,00
Rest Forward (1);1,785E+003;23,00;0,000;1,504E-004;1,14984E+005;0,1426;;;;;;;0,000;23,02;1,0000;0,000;NaN;NaN;23,00
Rest Forward (1);1,786E+003;24,00;0,000;1,447E-004;1,14984E+005;0,1426;;;;;;;0,000;23,02;1,0000;0,000;NaN;NaN;23,00
Rest Forward (1);1,787E+003;25,00;0,000;9,628E-005;1,14984E+005;0,1423;;;;;;;0,000;23,02;1,0000;0,000;NaN;NaN;23,00
Rest Forward (1);1,788E+003;26,00;0,000;1,308E-004;1,14984E+005;0,1429;;;;;;;0,000;23,02;1,0000;0,000;NaN;NaN;23,00
Rest Forward (1);1,789E+003;27,00;0,000;6,411E-005;1,14984E+005;0,1422;;;;;;;0,000;23,02;1,0000;0,000;NaN;NaN;23,00
Rest Forward (1);1,790E+003;28,00;0,000;7,317E-005;1,14984E+005;0,1427;;;;;;;0,000;23,02;1,0000;0,000;NaN;NaN;23,00
Rest Forward (1);1,791E+003;29,00;0,000;9,324E-005;1,14984E+005;0,1431;;;;;;;0,000;23,02;1,0000;0,000;NaN;NaN;23,00
Rest Forward (1);1,792E+003;30,00;0,000;5,076E-005;1,14984E+005;0,1432;;;;;;;0,000;23,02;1,0000;0,000;NaN;NaN;23,00
Flow Curve Down Forward (1);1,802E+003;10,00;23,18;500,0;4,95685E+005;0,1371;;;;;;;4,131E-004;23,02;1,0000;NaN;1,451E+004;NaN;23,00
Flow Curve Down Forward (1);1,812E+003;20,01;17,26;340,7;8,37773E+005;0,1405;;;;;;;3,075E-004;23,02;1,0000;NaN;1,523E+004;72,58;23,00
Flow Curve Down Forward (1);1,822E+003;30,02;13,55;232,1;1,07077E+006;0,1417;;;;;;;2,415E-004;23,02;1,0000;NaN;1,573E+004;49,44;23,00
Flow Curve Down Forward (1);1,832E+003;40,02;10,96;158,1;1,22930E+006;0,1423;;;;;;;1,953E-004;23,02;1,0000;NaN;1,607E+004;33,69;23,00
Flow Curve Down Forward (1);1,842E+003;50,03;9,023;107,7;1,33746E+006;0,1435;;;;;;;1,608E-004;23,01;1,0000;NaN;1,630E+004;22,95;23,00
Flow Curve Down Forward (1);1,852E+003;60,03;7,524;73,39;1,41105E+006;0,1439;;;;;;;1,341E-004;23,01;1,0000;NaN;1,645E+004;15,64;23,00
Flow Curve Down Forward (1);1,862E+003;70,03;6,340;50,00;1,46117E+006;0,1445;;;;;;;1,130E-004;23,01;1,0000;NaN;1,656E+004;10,65;23,00
Flow Curve Down Forward (1);1,872E+003;80,03;5,389;34,07;1,49533E+006;0,1460;;;;;;;9,603E-005;23,01;1,0000;NaN;1,663E+004;7,257;23,00
Flow Curve Down Forward (1);1,882E+003;90,04;4,624;23,21;1,51863E+006;0,1452;;;;;;;8,239E-005;23,01;1,0000;NaN;1,668E+004;4,944;23,00
Flow Curve Down Forward (1);1,892E+003;100,0;3,999;15,81;1,53449E+006;0,1453;;;;;;;7,125E-005;23,01;1,0000;NaN;1,672E+004;3,369;23,00
Flow Curve Down Forward (1);1,902E+003;110,0;3,483;10,77;1,54530E+006;0,1460;;;;;;;6,206E-005;23,01;1,0000;NaN;1,674E+004;2,295;23,00
Flow Curve Down Forward (1);1,912E+003;120,1;3,055;7,339;1,55266E+006;0,1469;;;;;;;5,444E-005;23,01;1,0000;NaN;1,675E+004;1,564;23,00
Flow Curve Down Forward (1);1,922E+003;130,0;2,696;5,000;1,55767E+006;0,1468;;;;;;;4,804E-005;23,01;1,0000;NaN;1,676E+004;1,065;23,00
Flow Curve Down Forward (1);1,932E+003;140,0;2,395;3,407;1,56109E+006;0,1470;;;;;;;4,267E-005;23,01;1,0000;NaN;1,677E+004;0,7258;23,00
Flow Curve Down Forward (1);1,942E+003;150,1;2,137;2,321;1,56342E+006;0,1473;;;;;;;3,808E-005;23,00;1,0000;NaN;1,678E+004;0,4944;23,00
Flow Curve Down Forward (1);1,952E+003;160,1;1,917;1,581;1,56501E+006;0,1482;;;;;;;3,416E-005;23,01;1,0000;NaN;1,678E+004;0,3369;23,00
Flow Curve Down Forward (1);1,962E+003;170,1;1,729;1,077;1,56609E+006;0,1486;;;;;;;3,080E-005;23,01;1,0000;NaN;1,678E+004;0,2295;23,00
Flow Curve Down Forward (1);1,972E+003;180,1;1,566;0,7339;1,56683E+006;0,1488;;;;;;;2,791E-005;23,00;1,0000;NaN;1,678E+004;0,1564;23,00
Flow Curve Down Forward (1);1,982E+003;190,1;1,422;0,5000;1,56733E+006;0,1491;;;;;;;2,533E-005;23,01;1,0000;NaN;1,679E+004;0,1065;23,00
Flow Curve Down Forward (1);1,992E+003;200,1;1,292;0,3407;1,56767E+006;0,1499;;;;;;;2,302E-005;23,00;1,0000;NaN;1,679E+004;0,07257;23,00
Flow Curve Down Forward (1);2,002E+003;210,1;1,179;0,2321;1,56790E+006;0,1501;;;;;;;2,100E-005;23,00;1,0000;NaN;1,679E+004;0,04944;23,00
Flow Curve Down Forward (1);2,012E+003;220,1;1,078;0,1581;1,56806E+006;0,1491;;;;;;;1,921E-005;23,01;1,0000;NaN;1,679E+004;0,03369;23,00
Flow Curve Down Forward (1);2,022E+003;230,1;0,9864;0,1077;1,56817E+006;0,1502;;;;;;;1,758E-005;23,00;1,0000;NaN;1,679E+004;0,02295;23,00
Flow Curve Down Forward (1);2,032E+003;240,2;0,9046;0,07339;1,56824E+006;0,1507;;;;;;;1,612E-005;23,00;1,0000;NaN;1,679E+004;0,01564;23,00
Flow Curve Down Forward (1);2,042E+003;250,2;0,8308;0,05000;1,56829E+006;0,1513;;;;;;;1,480E-005;23,00;1,0000;NaN;1,679E+004;0,01065;23,00
Flow Curve Down Forward (1);2,052E+003;260,2;0,7661;0,03407;1,56833E+006;0,1515;;;;;;;1,365E-005;23,00;1,0000;NaN;1,679E+004;7,258E-003;23,00
Flow Curve Down Forward (1);2,062E+003;270,2;0,7109;0,02321;1,56835E+006;0,1511;;;;;;;1,267E-005;23,00;1,0000;NaN;1,679E+004;4,944E-003;23,00
Flow Curve Down Forward (1);2,072E+003;280,2;0,6647;0,01581;1,56837E+006;0,1519;;;;;;;1,184E-005;23,00;1,0000;NaN;1,679E+004;3,369E-003;23,00
Flow Curve Down Forward (1);2,082E+003;290,2;0,6262;0,01078;1,56838E+006;0,1525;;;;;;;1,116E-005;23,00;1,0000;NaN;1,679E+004;2,295E-003;23,00
Flow Curve Down Forward (1);2,092E+003;300,2;0,5955;7,284E-003;1,56838E+006;0,1524;;;;;;;1,061E-005;23,00;1,0000;NaN;1,679E+004;1,564E-003;23,00
Flow Curve Down Forward (1);2,102E+003;310,2;0,5736;4,924E-003;1,56839E+006;0,1528;;;;;;;1,022E-005;23,00;1,0000;NaN;1,679E+004;1,065E-003;23,00
Flow Curve Down Forward (1);2,112E+003;320,2;0,5549;3,365E-003;1,56839E+006;0,1534;;;;;;;9,888E-006;23,00;1,0000;NaN;1,679E+004;7,258E-004;23,00
Flow Curve Down Forward (1);2,122E+003;330,2;0,5391;2,288E-003;1,56840E+006;0,1536;;;;;;;9,607E-006;23,00;1,0000;NaN;1,679E+004;4,944E-004;23,00
Flow Curve Down Forward (1);2,132E+003;340,2;0,5264;1,560E-003;1,56840E+006;0,1544;;;;;;;9,380E-006;23,00;1,0000;NaN;1,679E+004;3,369E-004;23,00
Flow Curve Down Forward (1);2,142E+003;350,2;0,5159;1,060E-003;1,56840E+006;0,1544;;;;;;;9,194E-006;23,00;1,0000;NaN;1,679E+004;2,295E-004;23,00
Flow Curve Down Forward (1);2,152E+003;360,2;0,5132;9,938E-004;1,56840E+006;0,1547;;;;;;;9,144E-006;23,00;1,0000;NaN;1,679E+004;2,131E-004;23,00